Data da Coleta,Valor de Venda,Variacao,Media_4,Desvio_Media_4,Volatilidade_4,Anomalia
2004-06-27,2.123855586592179,3.9874636577761358,2.041865304776354,0.08199028181582513,1.5848662247402936,-1
2004-07-11,2.1105493204037833,-3.490165678637247,2.115923703333036,-0.005374382929252519,3.3286386513138284,-1
2004-12-05,2.31497109268057,4.015697971623289,2.24348135935312,0.07148973332745001,1.8111544320281252,-1
2005-10-02,2.4784959723820483,-0.2902789230139091,2.434475894750878,0.04402007763117055,4.249435622592679,-1
2005-10-09,2.4877123647097408,0.3718542386346835,2.4836012520859345,0.004111112623806257,4.14786173741111,-1
2013-02-10,2.9087263497923397,3.9556429670547733,2.8199963498446525,0.08872999994768715,1.9208743924443752,-1
2015-02-08,3.2658314449246584,6.529568327664448,3.112979146838879,0.15285229808577938,3.2188681977930473,-1
2015-02-15,3.329586569957885,1.952186636340536,3.180548890926391,0.149037679031494,3.0329380141519002,-1
2015-10-11,3.495258162953921,5.30781543396035,3.357049048229416,0.13820911472450526,2.574358431737953,-1
2017-07-30,3.787547082816102,7.530585683889135,3.5999191998400075,0.18762788297609445,3.998908103595928,-1
2017-08-06,3.8191672056921084,0.8348443513604087,3.667833837716584,0.15133336797552444,3.7904263094004205,-1
2017-08-13,3.8047851945586837,-0.37657453467838664,3.7334492344994916,0.07133596005919207,3.833664705714924,-1
2018-06-03,4.6460742268041235,4.079432251471693,4.43072220085008,0.21535202595404357,1.8336134779193929,-1
2018-12-09,4.44337319339298,-2.434920885687042,4.563331606145249,-0.11995841275226926,0.7686761964527812,-1
2020-03-29,4.435601286732743,-2.1725338440080955,4.525242079323332,-0.08964079259058977,0.9720678168853407,-1
2020-04-05,4.353039674289674,-1.8613398073000331,4.470069201270988,-0.11702952698131419,0.9249470124371804,-1
2020-04-12,4.192437814397224,-3.689418703004499,4.37879626390322,-0.18635844950599534,1.3035097763101955,-1
2020-04-26,4.032691069574247,-2.7843493541689246,4.181589940712514,-0.14889887113826727,1.1398070887719214,-1
2020-05-10,3.858629449557215,-3.014609864808404,4.004519867251256,-0.14589041769404076,0.9933256120567392,-1
2021-02-28,5.205562524500196,4.506032313093433,4.968830439137672,0.2367320853625241,1.454870952439721,-1
2021-03-07,5.326790404040404,2.32881420537443,5.0959092849867496,0.23088111905365416,1.4295439325284396,-1
2021-03-14,5.543152501713502,4.061772310564082,5.2641543595320295,0.27899814218147245,1.1579362643626188,-1
2021-03-21,5.650769011576135,1.9414315198682752,5.431568610457559,0.21920040111857642,1.2637206005515023,-1
2021-04-04,5.514464701729615,-1.94063969452406,5.582996175308246,-0.06853147357863065,2.649353533092387,-1
2021-10-17,6.374055522100446,3.0833188691191893,6.219749865752628,0.1543056563478178,1.4651394530412842,-1
2021-10-31,6.610808279399194,2.8205584609377388,6.3994317236853515,0.2113765557138425,1.3927760888748988,-1
2021-11-07,6.767468007755696,2.3697514998988867,6.545448341675798,0.22201966607989743,0.9892226487211371,-1
2022-03-20,7.309905694162588,8.572339098510628,6.831478830868491,0.47842686329409734,4.145760090992398,-1
2022-03-27,7.26993268682259,-0.5468334204628555,6.988469068713201,0.281463618109389,4.227944197179674,-1
2022-04-03,7.271616268166901,0.023158142129187098,7.146051515395364,0.12556475277153734,4.221748450227671,-1
2022-04-10,7.258712350240734,-0.17745598021524644,7.277541749848203,-0.0188293996074691,4.409348898234351,-1
2022-07-03,7.2136529913189005,-3.336407699309396,7.327359527229543,-0.11370653591064261,2.2526054586668827,-1
2022-07-10,6.572841827582568,-8.883310085853878,7.1397688197488085,-0.5669269921662403,4.755935933201373,-1
2022-07-17,6.157332520928262,-6.321608180355787,6.851616081532775,-0.6942835606045135,4.715216727308875,-1
2022-07-24,5.98455623257255,-2.806024975400623,6.48209589310057,-0.49753966052801957,2.825713627697222,-1
2022-07-31,5.831694539781592,-2.5542694704574376,6.1366062802162435,-0.30491174043465197,3.0299616765733424,-1
2022-08-07,5.70674315920398,-2.1426256077927364,5.920081613121596,-0.21333845391761574,1.92978823952112,-1
2022-08-14,5.605551028935548,-1.7732028136788758,5.7821362401234175,-0.17658521118786918,0.45517305919168094,-1
2022-08-21,5.495784053508865,-1.9581835016766802,5.659943195357497,-0.16415914184863123,0.3341087922156499,-1
2022-08-28,5.356110724820902,-2.5414631893839967,5.541047241617324,-0.1849365167964221,0.328407846246051,-1
2022-09-04,5.271284161490684,-1.5837343118603076,5.432182492189,-0.16089833069831627,0.4141268088481427,-1
2022-09-11,5.147056657522684,-2.3566838774419008,5.317558899335784,-0.17050224181309925,0.42701180382089116,-1
2022-09-25,4.58,-9.728645145121707,5.017983138783158,-0.4379831387831583,3.990436856362605,-1
2022-10-02,4.9349687499999995,7.750409388646284,4.9339042859104865,0.0010644640895129953,7.164861756209258,-1
2022-10-09,4.916964285714286,-0.36483441330228406,4.876381192958387,0.040583092755898775,7.149167018534262,-1
2022-10-16,4.903787149731107,-0.2679933230644749,4.833930046361348,0.06985710336975881,7.146465174726597,-1
2022-10-23,4.935642330195878,0.6496036530973415,4.9228406289103175,0.012801701285560796,3.899293238355515,-1
2023-03-05,5.336846450925556,3.2724163843522502,5.21201280924298,0.12483364168257616,1.7597739681785471,-1
2023-03-12,5.637083505296465,5.625739041430355,5.326503430790026,0.3105800745064391,2.8055963611697345,-1
2023-03-19,5.6133355168347965,-0.4212814736442194,5.438750516261489,0.17458500057330717,2.845806048693408,-1
2023-05-28,5.348806006893156,-3.5803394173825387,5.519472995545112,-0.17066698865195562,1.689086776733608,-1
2023-06-11,5.50719146837628,3.539017276171874,5.4305932120977065,0.0765982562785732,2.9226224890215824,-1
2023-07-09,5.749691859759796,5.38988102275606,5.5368162210000875,0.2128756387597086,2.865162815390613,-1
2023-07-16,5.715733284078316,-0.590615575751896,5.5935770769394795,0.12215620713883624,2.910561641838448,-1
2023-08-27,5.961065662002153,3.7810797315127154,5.7340174617518604,0.2270482002502927,1.9476041274780225,-1
